,España,Unnamed: 1,Unnamed: 2,Unnamed: 3,Unnamed: 4,Unnamed: 5,Unnamed: 6,Unnamed: 7,Unnamed: 8,Unnamed: 9,Unnamed: 10,Unnamed: 11,latitude,longitude
3,Estación,Provincia,Temperatura máxima (ºC),Temperatura mínima (ºC),Temperatura media (ºC),Racha (km/h),Velocidad máxima (km/h),Precipitación 00-24h (mm),Precipitación 00-06h (mm),Precipitación 06-12h (mm),Precipitación 12-18h (mm),Precipitación 18-24h (mm),0.0,0.0
4,Estaca de Bares,A Coruña,10.0 (08:20),6.4 (12:40),8.2,68 (12:40),53 (02:00),5.8,1,1.6,3.2,0,43.7903123,-7.6882854
5,Ferrol,A Coruña,9.6 (12:30),4.2 (09:50),6.9,44 (14:00),19 (17:00),14.7,1.9,8.6,1.5,2.7,43.4846862,-8.233162
7,A Coruña,A Coruña,9.8 (12:20),6.0 (08:00),7.9,61 (14:20),33 (14:20),12,6.8,0.6,1.6,3,43.365833333333335,-8.421388888888888
8,A Coruña Aeropuerto,A Coruña,9.1 (12:30),3.3 (09:30),6.2,54 (13:00),30 (13:00),14.9,5.8,4.6,2.3,2.2,43.300259499999996,-8.379608542189715
10,Cabo Vilan,A Coruña,9.9 (13:30),5.3 (04:30),7.6,82 (15:30),60 (15:30),5.1,1.5,1.2,0.7,1.7,43.3719352,-8.3998284
12,Fisterra,A Coruña,8.7 (10:50),5.0 (23:50),6.8,90 (15:50),52 (15:50),2.8,1,0.2,0.8,0.8,42.9064771,-9.263789
15,Santiago de Compostela Aeropuerto,A Coruña,5.9 (12:40),1.1 (04:30),3.5,35 (11:00),19 (14:00),13.8,1.1,4.7,5.8,2.2,42.89764215,-8.41891330714926
16,Noia,A Coruña,7.5 (14:00),2.6 (07:00),5,24 (16:20),5 (16:20),11.6,2.6,2,3.2,3.8,42.7850763,-8.8877375
19,Padrón,A Coruña,8.7 (14:40),1.8 (04:40),5.2,36 (15:50),19 (15:50),18.1,3,3.1,5.9,6.1,42.7510147,-8.6292056
20,Santiago de Compostela,A Coruña,6.6 (14:30),2.4 (03:50),4.5,27 (11:20),7 (15:20),16.7,2.3,2.9,7,4.5,42.8804219,-8.5458608
22,Ossa de Montiel,Albacete,5.2 (14:40),-1.0 (23:59),2.1,46 (02:10),20 (00:30),15,2.8,5.2,7,0,38.9625266,-2.7453748
23,Villarrobledo,Albacete,8.5 (15:40),0.2 (02:40),4.4,42 (13:10),28 (14:10),7.8,2.4,5.4,0,0,39.2681742,-2.6042132
24,Munera,Albacete,4.6 (15:40),-0.4 (23:40),2.1,32 (14:10),15 (15:50),10.6,3.4,1.4,5.8,0,39.0417625,-2.4800931
27,Hellín,Albacete,7.3 (15:50),1.4 (21:00),4.4,55 (18:10),33 (18:40),10.3,5.6,3.3,0,1.4,38.5106649,-1.6995137
28,Albacete Base Aérea,Albacete,6.2 (15:00),0.3 (04:10),3.2,55 (15:20),41 (15:10),3.6,2.4,0.4,0,0.8,38.9472217,-1.8614864538414657
29,Chinchilla,Albacete,2.5 (15:40),-1.6 (04:30),0.4,51 (10:00),32 (15:00),3.1,1.8,1.3,0,0,-26.750100500000002,150.6228555674773
30,Albacete,Albacete,6.8 (15:10),0.8 (04:10),3.8,47 (15:10),16 (14:30),3.6,2.8,0,0,0.8,38.9950921,-1.8559154
31,Alcalá del Júcar,Albacete,6.9 (14:10),0.3 (23:10),3.6,46 (12:00),26 (12:00),1,1,0,0,0,39.1928901,-1.4289945
32,Almansa,Albacete,6.8 (14:40),0.8 (21:50),3.8,44 (14:10),21 (17:00),2.4,2.4,0,0,0,38.8682065,-1.0978627
33,Orihuela,Alacant/Alicante,13.0 (15:20),3.0 (01:10),8,64 (13:40),32 (16:00),0,0,0,0,0,38.0856891,-0.9448805
34,Pinoso,Alacant/Alicante,9.2 (15:30),2.7 (23:40),5.9,54 (14:20),26 (14:20),0,0,0,0,0,38.4021056,-1.041617
35,Rojales,Alacant/Alicante,13.2 (15:00),6.2 (03:50),9.7,65 (15:10),39 (13:40),0.2,0,0.2,0,0,38.0871747,-0.7228213
39,Alicante-Elche Aeropuerto,Alacant/Alicante,13.4 (15:30),4.5 (02:00),8.9,72 (11:20),53 (11:20),0,0,0,0,0,38.284417700000006,-0.5657529081106044
40,Alicante/Alacant,Alacant/Alicante,14.7 (14:00),6.6 (05:00),10.6,49 (11:10),23 (11:40),0,0,0,0,0,38.3436365,-0.4881708
41,Benidorm,Alacant/Alicante,15.5 (15:30),5.5 (23:59),10.5,40 (17:30),14 (12:40),0,0,0,0,0,38.5406255,-0.1290929
42,Jávea/ Xàbia,Alacant/Alicante,15.1 (15:50),7.5 (00:00),11.3,64 (10:30),38 (10:20),0.2,0,0.2,0,0,38.7893909,0.1633256
43,Alcoy/Alcoi,Alacant/Alicante,9.8 (15:20),4.1 (23:30),7,46 (10:20),22 (09:40),0.2,0.2,0,0,0,38.6982275,-0.4747767
45,Adra,Almería,15.1 (10:10),10.2 (23:00),12.7,66 (13:10),40 (14:00),0,0,0,0,0,36.748834,-3.0203617
47,Roquetas de Mar,Almería,15.5 (17:00),4.9 (02:20),10.2,76 (08:30),48 (05:00),0,0,0,0,0,36.7630203,-2.6115886
48,Abla,Almería,9.0 (14:10),2.6 (09:00),5.8,38 (13:40),21 (13:40),0.4,0,0.3,0.1,0,37.1416926,-2.7792318
49,Láujar de Andarax,Almería,5.7 (14:20),-1.6 (21:00),2,85 (07:20),62 (07:20),0,0,0,0,0,36.9939431,-2.8898117
50,Almería Aeropuerto,Almería,16.6 (15:20),6.7 (04:00),11.7,68 (12:40),50 (12:40),0,0,0,0,0,36.8497957,-2.3714166
52,"Garrucha, Puerto",Almería,13.9 (15:00),7.6 (05:10),10.7,63 (11:10),40 (16:30),0,0,0,0,0,37.1882116,-1.8193709
53,Albox,Almería,9.9 (13:50),4.9 (21:00),7.4,79 (12:00),58 (12:00),0,0,0,0,0,37.3880282,-2.1455544
54,Huércal-Overa,Almería,11.7 (15:30),3.1 (04:10),7.4,58 (05:30),34 (16:10),0,0,0,0,0,37.3895979,-1.9450652
56,Amurrio,Araba/Álava,8.5 (12:10),1.9 (23:59),5.2,42 (13:10),14 (13:10),13.8,1.6,2.6,2.4,7.2,43.0510034,-2.9997847
57,Lalastra,Araba/Álava,1.5 (13:20),-2.5 (20:20),-0.5,40 (15:20),24 (15:30),1.8,0,0.8,1,0,42.8758198,-3.229998
58,Agurain/Salvatierra,Araba/Álava,5.3 (13:40),-0.5 (23:30),2.4,38 (14:10),22 (16:40),5.2,0.4,0.4,0.6,3.8,42.8492823,-2.3890592
59,Vitoria Gasteiz Aeropuerto,Araba/Álava,6.4 (12:50),-0.1 (23:50),3.2,42 (20:40),23 (13:40),6.1,0,1.1,0,5,42.8835516,-2.7314788
60,Labastida,Araba/Álava,5.6 (13:10),-0.1 (23:10),2.7,33 (16:10),15 (16:20),0.6,0,0,0,0.6,42.5903817,-2.7928698
63,Cabrales,Asturias,3.3 (15:10),0.5 (07:50),1.9,56 (18:10),37 (18:10),11.4,1,3.6,4.4,2.4,43.2678898,-4.8266084018751805
64,Llanes,Asturias,9.1 (22:20),5.4 (16:30),7.3,66 (15:40),40 (15:40),9,1.4,4.2,3.2,0.2,43.4211205,-4.7530835
66,"Piloña, Bargaéu",Asturias,4.5 (14:10),0.9 (22:30),2.7,33 (10:40),15 (10:40),18.2,5.2,8.8,3.8,0.4,43.3772227,-5.3964516
67,Colunga,Asturias,8.7 (14:20),4.2 (05:00),6.4,38 (15:00),22 (10:50),14.2,4.8,6,2,1.4,43.4851194,-5.2706728
68,"Gijón, Campus",Asturias,8.6 (13:50),3.4 (21:50),6,52 (13:50),27 (16:10),16.6,4,10.8,1.6,0.2,43.5261545,-5.6266228
70,Asturias Aeropuerto,Asturias,8.5 (13:20),3.6 (23:20),6,54 (09:50),31 (09:20),12.9,6.7,2.4,2.6,1.2,43.56161899999999,-6.030909804909283
71,Pajares-Valgrande,Asturias,-3.2 (13:20),-5.3 (19:50),-4.3,22 (00:40),10 (00:20),27.3,6.1,4.5,9.4,7.3,42.97931415,-5.774313024299615
72,"Lena, Ronzón",Asturias,4.3 (15:00),0.6 (02:30),2.5,33 (16:00),17 (16:00),13.6,3,4.4,3.6,2.6,43.1288313,-5.8226107
73,"Aller, Felechosa",Asturias,1.0 (15:10),-0.5 (21:00),0.3,23 (17:20),15 (18:30),29.8,7,4.2,12,6.6,43.1034069,-5.5080515
74,"Mieres, Baiña",Asturias,6.3 (14:50),1.7 (23:59),4,29 (15:20),10 (16:10),12.8,4.4,2.6,4.2,1.6,43.2750963,-5.8304436
75,Oviedo,Asturias,5.0 (14:50),1.5 (23:40),3.3,44 (11:50),22 (10:10),13.2,4.6,3.2,4.2,1.2,43.3604218,-5.8450534
77,Pola de Somiedo,Asturias,2.7 (14:00),-0.1 (03:00),1.3,33 (15:20),14 (15:20),19.2,6,5.8,2.8,4.6,43.0931497,-6.2572508
81,"Ibias, San Antolin",Asturias,0.9 (16:20),-0.4 (23:20),0.2,33 (06:30),21 (06:30),11.8,3,1.8,5.6,1.4,43.0386265,-6.8723938
82,"Villayón, Oneta",Asturias,5.0 (15:20),0.6 (04:40),2.8,59 (17:10),37 (17:10),10.2,4.8,3.2,1.2,1,43.4645551,-6.6677576
83,Castropol,Asturias,10.1 (16:30),3.2 (08:00),6.7,37 (09:20),18 (09:30),17.4,9.6,6.9,0.8,0.1,43.5276581,-7.0300508
84,"Taramundi, Ouria",Asturias,5.8 (16:10),0.9 (06:50),3.4,26 (16:20),17 (16:20),12.2,5,2.6,1.6,3,43.4035716,-7.0596486
86,Muñotello,Ávila,0.9 (15:50),-2.0 (09:20),-0.6,51 (21:30),32 (21:30),1.4,0.2,0.6,0.6,0,40.5418131,-5.0414952
87,Ávila,Ávila,2.1 (16:00),-2.6 (09:20),-0.3,56 (20:40),28 (20:40),0.6,0.6,0,0,0,40.656478,-4.7002172
88,Gotarrendura,Ávila,3.4 (15:50),-1.8 (23:59),0.8,45 (16:00),35 (16:00),0,0,0,0,0,40.8264524,-4.7409463
89,Arevalo,Ávila,4.5 (15:30),-1.4 (23:59),1.6,35 (14:00),23 (16:20),0,0,0,0,0,41.0632758,-4.7198921
90,Rivilla de Barajas,Ávila,3.1 (16:20),-1.8 (23:50),0.6,40 (12:40),32 (12:40),0.4,0.4,0,0,0,40.9019309,-4.9882631
91,Barco de Avila,Ávila,3.0 (15:40),-1.0 (09:20),1,31 (04:20),16 (00:20),1.4,1.2,0.2,0,0,-38.7287339,-72.6291008
92,Puerto El Pico,Ávila,1.3 (12:20),-3.3 (10:00),-1,40 (15:40),24 (22:30),0.4,0.4,0,0,0,18.1369041,-66.3310027
94,Candeleda,Ávila,10.4 (15:10),1.5 (06:40),5.9,46 (16:40),30 (16:40),0.6,0.6,0,0,0,40.1557248,-5.2409617
95,Herrera del Duque,Badajoz,8.8 (14:30),2.2 (09:00),5.5,39 (03:50),23 (14:10),0.4,0.4,0,0,0,39.1676109,-5.0504659
96,Peraleda del Zaucejo,Badajoz,7.7 (14:20),2.6 (08:50),5.1,49 (02:20),32 (00:40),0.2,0.2,0,0,0,38.4741788,-5.5645445
97,Castuera,Badajoz,8.0 (15:10),1.5 (09:00),4.8,33 (02:00),21 (02:40),0,0,0,0,0,38.7251978,-5.5460224
98,Navalvillar de Pela,Badajoz,9.3 (14:10),2.7 (08:40),6,39 (23:20),24 (11:30),0,0,0,0,0,39.0916315,-5.4681268
99,Don Benito,Badajoz,10.7 (16:30),2.8 (08:50),6.7,28 (16:40),15 (16:30),0,0,0,0,0,38.9540269,-5.8619466
100,Llerena,Badajoz,7.7 (14:30),1.1 (08:30),4.4,46 (15:00),33 (15:00),0,0,0,0,0,38.2378976,-6.0149901
101,Villafranca de los Barros,Badajoz,8.9 (14:50),2.2 (08:40),5.5,45 (16:20),33 (16:40),0,0,0,0,0,38.5613352,-6.3392388
102,Mérida,Badajoz,11.3 (15:40),1.2 (23:59),6.3,30 (15:30),22 (15:40),0,0,0,0,0,38.9174665,-6.3443977
103,Zafra,Badajoz,9.1 (14:20),0.7 (23:59),4.9,42 (14:30),28 (14:10),0,0,0,0,0,38.4253489,-6.4193627
104,Almendralejo,Badajoz,9.4 (14:20),2.1 (08:40),5.7,45 (16:40),31 (15:30),0,0,0,0,0,38.6846791,-6.4067802
105,Badajoz Aeropuerto,Badajoz,11.1 (13:50),3.2 (09:10),7.2,35 (15:30),25 (15:30),0,0,0,0,0,38.8940303,-6.8190007
106,Alburquerque,Badajoz,10.2 (14:50),-0.8 (09:00),4.7,31 (14:20),16 (15:00),0,0,0,0,0,39.2190169,-6.9999295
107,Puebla de Obando,Badajoz,9.2 (13:30),1.6 (07:50),5.4,37 (13:50),25 (14:30),0,0,0,0,0,39.1768491,-6.6260009
108,Badajoz,Badajoz,10.5 (15:30),3.1 (09:20),6.8,40 (13:30),23 (13:30),0,0,0,0,0,38.88964355,-6.980142450723942
109,Olivenza,Badajoz,9.9 (14:00),2.9 (09:00),6.4,33 (14:20),21 (15:30),0,0,0,0,0,38.6196766,-7.1341344109916776
111,Barcarrota,Badajoz,8.9 (14:20),0.7 (08:20),4.8,37 (14:50),20 (16:40),0.2,0.2,0,0,0,38.5159459,-6.8492865
113,Monesterio,Badajoz,5.8 (14:50),0.9 (23:59),3.4,42 (07:40),24 (07:40),0.4,0.4,0,0,0,38.0876314,-6.2732538
114,Fuente de Cantos,Badajoz,7.5 (14:10),0.6 (23:10),4.1,48 (14:30),36 (14:50),1.6,1.6,0,0,0,38.2461377,-6.3074274
115,Jerez de los Caballeros,Badajoz,9.3 (14:10),2.8 (23:59),6.1,47 (16:20),30 (15:20),0.4,0.4,0,0,0,38.3201991,-6.7713389
116,Fregenal de la Sierra,Badajoz,7.7 (13:20),1.4 (23:40),4.5,44 (04:30),23 (05:10),0,0,0,0,0,38.1663968,-6.6525749
117,Azuaga,Badajoz,8.1 (16:20),1.4 (23:59),4.8,47 (06:10),32 (05:10),0.2,0,0.2,0,0,38.2592148,-5.6768563
118,Pontons,Barcelona,5.7 (11:50),1.8 (23:59),3.7,49 (22:40),29 (22:40),0.4,0,0,0.4,0,41.4138036,1.5140429
119,Vilafranca del Penedès,Barcelona,8.1 (15:10),1.8 (05:10),5,23 (18:50),12 (11:50),0,0,0,0,0,41.3463825,1.6995213
120,Sitges,Barcelona,9.2 (11:10),4.9 (22:00),7,27 (06:20),14 (07:20),0.8,0,0.2,0.6,0,41.2366707,1.8228136
121,Barcelona Aeropuerto,Barcelona,9.3 (00:00),5.3 (05:20),7.3,30 (09:40),22 (09:40),10,0,7.5,2.5,0,10.1006137,-64.6990443
122,Berga,Barcelona,6.5 (14:20),-0.7 (04:50),2.9,29 (16:50),21 (16:50),1.6,0,0.2,1,0.4,42.1011456,1.8454758
123,Balsareny,Barcelona,7.0 (15:40),-1.6 (07:20),2.7,22 (15:50),10 (14:10),0,0,0,0,0,41.8631839,1.8755997
124,Prats de Lluçanès,Barcelona,5.9 (14:40),-2.1 (04:30),1.9,23 (18:00),16 (17:20),0,0,0,0,0,42.0085421,2.0298689
126,Manresa,Barcelona,7.9 (15:50),0.5 (09:10),4.2,27 (16:20),16 (16:20),0,0,0,0,0,41.7288939,1.8286765
128,Igualada,Barcelona,8.5 (12:50),3.6 (20:50),6,21 (15:00),9 (14:00),0.9,0,0.9,0,0,41.5790182,1.617346
130,Barcelona,Barcelona,10.6 (00:30),6.6 (07:50),8.6,40 (11:00),27 (10:50),0,0,0,0,0,41.3828939,2.1774322
132,Caldes de Montbui,Barcelona,8.2 (15:40),1.7 (05:30),4.9,32 (23:20),20 (23:20),0,0,0,0,0,41.632265,2.1676442
133,Arenys de Mar,Barcelona,10.6 (14:00),4.6 (06:10),7.6,25 (09:10),10 (09:40),0,0,0,0,0,41.5797031,2.5491562
134,Santa Susanna,Barcelona,9.4 (14:40),0.8 (05:30),5.1,23 (11:40),12 (10:00),0,0,0,0,0,41.6357256,2.7065933
136,Tona,Barcelona,6.5 (16:00),-1.5 (07:30),2.5,26 (17:20),13 (17:20),0,0,0,0,0,41.8538039,2.2280115
137,Sant Julià  de Vilatorta,Barcelona,5.9 (16:00),-2.4 (08:00),1.8,16 (18:10),6 (18:10),0,0,0,0,0,41.9219404,2.3240651
138,Forua,Bizkaia,7.6 (12:00),3.7 (23:30),5.6,46 (21:50),27 (03:20),24.2,5,2.4,6.8,10,43.3329632,-2.6761163
139,Machichaco,Bizkaia,7.5 (19:20),4.5 (07:20),6,96 (21:40),76 (21:40),13.4,4.6,2,3.6,3.2,43.45914085,-3.808027573835819
140,Punta Galea,Bizkaia,11.2 (11:50),5.4 (08:10),8.3,60 (21:00),34 (23:59),14.4,4.6,1.6,2,6.2,40.53751055,-3.8965767271791
141,Orozko,Bizkaia,7.4 (12:40),0.2 (23:59),3.8,29 (15:30),12 (21:40),13,1.6,2,3,6.4,43.1068473,-2.9120602
143,Amorebieta--Etxano,Bizkaia,7.9 (12:40),1.8 (23:50),4.9,38 (22:30),21 (22:30),16.4,1.2,1.8,2.2,11.2,43.2201761,-2.7323154
145,Bilbao Aeropuerto,Bizkaia,8.1 (11:40),3.9 (22:20),6,59 (23:40),40 (23:50),13,2.7,1.3,1.1,7.9,43.30496585,-2.906231118340643
146,Sopuerta,Bizkaia,7.2 (12:00),1.4 (07:30),4.3,45 (22:40),20 (16:50),35.6,5.2,5.8,9.4,15.2,43.25481955,-3.170368427909917
147,Coruña del Conde,Burgos,2.3 (16:20),-1.9 (08:40),0.2,41 (17:10),22 (16:20),1.2,0,0.8,0.4,0,41.7657004,-3.3905895
148,Aranda de Duero,Burgos,4.0 (15:20),-1.4 (21:10),1.3,44 (17:30),21 (14:10),0.2,0,0,0.2,0,41.6715067,-3.6851172
149,Pedrosa del Príncipe,Burgos,4.2 (13:20),-2.8 (23:59),0.7,37 (15:40),21 (13:30),0,0,0,0,0,42.2496567,-4.1992265
150,Palacios de la Sierra,Burgos,0.6 (14:20),-3.2 (22:20),-1.3,43 (18:00),24 (22:00),2.8,1.8,0.2,0.8,0,41.9639356,-3.1282384
151,Monterrubio de la Demanda,Burgos,-0.2 (00:00),-4.1 (09:20),-2.1,0 (00:10),0 (00:10),0,0,0,0,0,42.1491104,-3.1131226
152,Villamayor de los Montes,Burgos,2.7 (14:20),-2.3 (23:59),0.2,36 (15:30),21 (15:30),0.4,0,0,0.4,0,42.1059603,-3.76587
153,Burgos Aeropuerto,Burgos,3.1 (13:40),-3.9 (08:40),-0.4,39 (15:20),27 (14:10),0.6,0,0,0.6,0,42.357639500000005,-3.6215852140884204
156,Briviesca,Burgos,3.8 (14:00),-1.2 (23:40),1.3,39 (13:40),24 (13:30),0.2,0.2,0,0,0,42.549796,-3.3218059
157,Medina de Pomar,Burgos,5.4 (11:40),-0.1 (08:10),2.7,37 (17:40),18 (15:20),6.2,0.2,0,1.2,4.8,42.9322092,-3.4861165
158,Miranda de Ebro,Burgos,6.9 (15:30),0.5 (23:10),3.7,43 (16:00),25 (16:00),0,0,0,0,0,42.6855632,-2.9478451
160,Navalvillar de Ibor,Cáceres,4.0 (14:10),-0.6 (10:30),1.7,33 (15:10),14 (15:00),0.6,0,0,0.4,0.2,39.5849648,-5.4130536
161,Madrigal de la Vera,Cáceres,10.1 (15:10),3.2 (05:10),6.7,37 (06:10),13 (11:40),0.8,0.8,0,0,0,40.1466193,-5.3673231
162,Navalmoral de la Mata,Cáceres,10.8 (13:50),1.2 (08:10),6,52 (14:50),28 (16:00),0.2,0,0.2,0,0,39.8928306,-5.5401199
163,Garganta la Olla,Cáceres,6.7 (13:00),2.5 (08:50),4.6,65 (00:20),41 (07:00),0.8,0.8,0,0,0,40.1112342,-5.7762332
165,Jaraicejo,Cáceres,7.3 (14:00),0.6 (23:30),4,33 (17:00),19 (06:40),0.2,0,0,0.2,0,39.6669756,-5.8135394
166,Cáceres,Cáceres,9.3 (16:20),3.1 (07:50),6.2,33 (02:00),21 (02:30),0,0,0,0,0,39.4020024,-6.454580525853476
167,Cañaveral,Cáceres,9.8 (15:00),3.5 (09:00),6.7,45 (02:20),32 (02:20),0,0,0,0,0,39.7897226,-6.3933113
168,Nuñomoral,Cáceres,7.0 (16:00),2.2 (09:00),4.6,34 (15:30),17 (02:50),0.2,0.2,0,0,0,40.4091367,-6.2445107
169,Guijo de Granadilla,Cáceres,8.2 (16:20),2.8 (09:30),5.5,27 (08:10),13 (07:10),0.2,0,0,0.2,0,40.1937514,-6.163317
170,Hervás,Cáceres,4.7 (11:40),0.3 (10:20),2.5,31 (22:30),14 (22:30),0,0,0,0,0,40.2738554,-5.8587431
171,Montehermoso,Cáceres,9.0 (15:40),2.0 (07:30),5.5,34 (04:30),23 (04:20),0,0,0,0,0,40.0883757,-6.3495966
172,Tornavacas,Cáceres,3.9 (15:40),0.1 (10:00),2,40 (05:30),24 (05:30),0.4,0.4,0,0,0,40.2556866,-5.6885137
173,Piornal,Cáceres,1.2 (16:00),-2.9 (08:20),-0.9,51 (22:50),30 (05:50),2.2,0.2,1,1,0,40.1177645,-5.8485639
174,Plasencia,Cáceres,7.9 (16:50),2.4 (23:30),5.2,28 (09:40),11 (09:40),0,0,0,0,0,40.029921,-6.090168
175,Coria,Cáceres,9.8 (16:00),1.9 (08:00),5.9,34 (12:50),24 (13:00),0,0,0,0,0,39.9831574,-6.5366803
176,Hoyos,Cáceres,8.8 (13:30),0.1 (08:10),4.5,54 (04:30),24 (04:20),0,0,0,0,0,40.1707784,-6.7212412
177,Zarza La Mayor,Cáceres,10.7 (14:50),2.5 (08:00),6.6,32 (13:10),21 (16:20),0,0,0,0,0,39.87819065,-6.861739797362906
178,Valverde del Fresno,Cáceres,8.5 (12:40),2.6 (09:00),5.5,45 (03:50),20 (03:50),0,0,0,0,0,40.2241479,-6.8781742
179,Aliseda,Cáceres,9.3 (13:10),2.1 (08:30),5.7,35 (13:50),19 (13:20),0,0,0,0,0,39.4224611,-6.6918971
180,Brozas,Cáceres,8.9 (15:50),0.2 (08:30),4.5,37 (14:40),28 (14:20),0,0,0,0,0,39.6111187,-6.7782723
181,Valencia de Alcántara,Cáceres,8.0 (16:20),3.0 (08:00),5.5,39 (13:00),24 (15:00),0,0,0,0,0,39.4131571,-7.2420859
182,Guadalupe,Cáceres,8.0 (13:00),1.2 (08:50),4.6,38 (06:50),20 (06:20),0.2,0.2,0,0,0,29.6480061,-97.8279576
183,Cañamero,Cáceres,7.1 (14:40),2.0 (08:50),4.5,53 (06:10),22 (06:10),0.2,0.2,0,0,0,39.3801055,-5.3892464
184,Zorita,Cáceres,8.6 (14:10),1.7 (08:30),5.2,42 (07:20),30 (07:20),0,0,0,0,0,39.2841602,-5.6989098
185,Alcuescar,Cáceres,8.7 (14:50),0.9 (08:50),4.8,33 (15:40),20 (13:40),0,0,0,0,0,39.1801212,-6.2284451
186,Chipiona,Cádiz,13.7 (15:20),9.8 (23:59),11.8,43 (00:50),24 (00:50),1.2,1.2,0,0,0,36.7355451,-6.4348221
188,Grazalema,Cádiz,6.7 (14:10),2.5 (08:40),4.6,38 (05:10),15 (07:50),10.3,10.2,0,0,0.1,36.7583892,-5.366074
189,Olvera,Cádiz,9.4 (15:20),3.9 (09:20),6.6,40 (01:30),22 (01:30),2.6,2,0,0,0.6,36.9342358,-5.258998
190,El Bosque,Cádiz,10.3 (14:30),5.5 (23:59),7.9,26 (04:40),10 (04:40),3.8,3.6,0.2,0,0,17.0247264,-92.74723009318356
191,San José del Valle,Cádiz,12.8 (16:00),5.8 (08:50),9.3,22 (13:00),9 (12:40),2.4,2.4,0,0,0,36.6062584,-5.7997029
192,Jerez de la Frontera Aeropuerto,Cádiz,13.7 (15:30),5.1 (23:50),9.4,37 (11:30),26 (11:30),3,3,0,0,0,36.7506295,-6.0643996
193,San Fernando,Cádiz,13.5 (01:10),9.5 (18:40),11.5,45 (18:30),25 (08:50),3.8,2.7,0,0,1.1,36.4643934,-6.198203
194,Cádiz,Cádiz,14.5 (01:20),10.8 (18:40),12.7,46 (02:50),29 (01:40),2.4,1.8,0,0,0.6,36.5297438,-6.2928976
195,Medina Sidonia,Cádiz,12.2 (14:40),6.4 (01:40),9.3,40 (13:00),26 (12:30),3,3,0,0,0,36.4576714,-5.9272725
196,Vejer de la Frontera,Cádiz,11.6 (02:30),7.4 (23:59),9.5,45 (02:20),19 (15:00),4.1,2.5,0,0,1.6,36.251937,-5.9670492
197,Barbate,Cádiz,13.6 (16:50),7.3 (23:59),10.5,45 (02:40),25 (18:40),7.8,5.4,0,0,2.4,36.1923983,-5.9192837
198,Tarifa,Cádiz,14.2 (03:10),7.2 (21:50),10.7,55 (03:10),33 (02:50),1.9,0.9,0,0,1,36.0129082,-5.6050213
199,Jimena de la Frontera,Cádiz,12.9 (14:40),5.2 (23:40),9,41 (15:00),27 (15:20),1,1,0,0,0,36.4327335,-5.4527477
200,San Roque,Cádiz,14.3 (15:30),6.7 (23:50),10.5,50 (13:40),31 (14:10),0.6,0.6,0,0,0,6.4307057499999996,-74.94080256175135
201,Castro Urdiales,Cantabria,7.9 (11:50),4.1 (22:40),6,68 (21:30),47 (23:10),18.4,3.9,2.2,8.2,4.1,43.3843347,-3.2162576
202,Ramales de la Victoria,Cantabria,5.7 (12:10),1.2 (09:10),3.4,37 (14:30),16 (14:30),37,11.2,10.6,8.6,6.6,43.257411,-3.4646482
203,"Barcena de Cicero, Treto",Cantabria,7.1 (10:40),3.9 (13:20),5.5,51 (21:30),30 (21:30),24.4,7.2,5.8,8.6,2.8,43.394181200000006,-3.469288934132009
205,Santander Aeropuerto,Cantabria,8.0 (20:40),3.9 (17:00),6,61 (22:10),33 (22:00),31.9,10.4,12,9.3,0.2,7.9333076,-72.51223026914192
206,Santander,Cantabria,8.8 (21:00),4.6 (23:20),6.7,90 (23:20),64 (22:00),34.2,16.2,7.4,8.8,1.8,43.4620412,-3.8099719
207,Villacarriedo,Cantabria,5.4 (21:40),1.7 (01:50),3.6,45 (23:50),20 (15:50),17.6,6.8,0.2,8.4,2.2,43.2306206,-3.8049489
208,"Los Tojos, Bárcena Mayor",Cantabria,4.0 (13:50),-0.2 (09:20),1.9,41 (19:20),21 (19:20),12.2,5,0,4.8,2.4,43.146819750000006,-4.196381659064077
209,San Felices de Buelna,Cantabria,6.5 (13:40),3.1 (18:00),4.8,48 (14:00),20 (14:00),23.4,3.6,1.4,12.2,6.2,43.26630875,-4.030329207737704
210,"Torrelavega, Sierrapando",Cantabria,6.9 (22:00),3.1 (17:10),5,56 (18:50),36 (18:50),23,6.6,4.2,10.2,2,43.3439274,-4.03291
211,San Vicente de la Barquera,Cantabria,9.2 (23:00),4.1 (17:40),6.6,70 (18:40),48 (18:40),18.4,2.2,4.9,11.1,0.2,43.38318,-4.40027
212,"Camaleño, Fuente De",Cantabria,-0.2 (14:50),-3.6 (23:50),-1.9,22 (09:40),8 (16:40),0,0,0,0,0,43.1436636,-4.811513596360818
213,"Cillórigo de Liébana, Tama",Cantabria,4.1 (11:50),0.7 (18:40),2.4,32 (23:10),16 (12:00),11.2,0.6,0.8,9.2,0.6,43.17608,-4.60108
214,Tresviso,Cantabria,0.3 (00:00),-2.1 (19:40),-0.9,71 (14:10),46 (14:10),20.4,0.4,0.4,5.6,14,43.25713,-4.66813
215,"Santillana del Mar, Altamira",Cantabria,6.7 (21:20),3.1 (17:10),4.9,68 (22:30),41 (22:30),27,6.4,6.6,9.8,4.2,43.3768445,-4.1197476
216,Reinosa,Cantabria,3.5 (12:10),-5.1 (08:50),-0.8,69 (23:00),35 (20:40),3.4,0.7,0.1,0.8,1.8,43.0010076,-4.1378363
217,Alto Campoo,Cantabria,-3.8 (00:00),-7.5 (22:50),-5.6,77 (18:20),36 (19:50),11.9,0.9,0.2,5.9,4.9,43.03683235,-4.38684888729685
218,"Valderredible, Cubillo de Ebro",Cantabria,2.7 (12:40),-3.7 (08:30),-0.5,41 (16:20),22 (16:20),4.2,0.2,0,0.4,3.6,42.8083247,-4.0322025
219,"Valderredible, Polientes",Cantabria,4.6 (16:00),-2.6 (08:00),1,30 (16:20),8 (17:00),5.8,0.1,0,0.5,5.2,42.8058526,-3.9407485
220,Segorbe,Castelló/Castellón,8.8 (15:00),-0.1 (23:10),4.4,49 (13:40),24 (11:30),1,0,1,0,0,39.8519011,-0.4895537
221,Montanejos,Castelló/Castellón,6.9 (15:00),2.7 (03:20),4.8,54 (16:10),33 (11:40),0,0,0,0,0,40.068152,-0.522929
222,Villafranca del Cid/Vilafranca,Castelló/Castellón,2.9 (00:30),-1.6 (23:50),0.7,59 (14:20),37 (13:40),2.2,0,2.2,0,0,40.4326899,-0.250899
223,Atzeneta del Maestrat,Castelló/Castellón,10.2 (16:30),1.3 (03:50),5.7,57 (10:30),33 (10:50),1.4,0,1.4,0,0,40.2166007,-0.1709719
224,Castellón - Almassora,Castelló/Castellón,14.1 (14:10),4.0 (23:59),9.1,34 (09:00),17 (08:50),1,0,1,0,0,39.9435743,-0.0634783
225,Torreblanca,Castelló/Castellón,12.9 (14:50),4.1 (22:40),8.5,51 (08:40),26 (11:40),0,0,0,0,0,40.2202661,0.1953363
226,La Pobla de Benifassà-Fredes,Castelló/Castellón,1.5 (01:10),-2.4 (19:30),-0.5,75 (13:40),44 (13:50),2.6,0,0,2.6,0,40.7053962,0.1709828
228,Morella,Castelló/Castellón,3.4 (00:00),-0.7 (23:59),1.4,51 (18:50),35 (23:00),2.2,0.2,2,0,0,40.6188277,-0.0998026
230,Ceuta,Ceuta,12.9 (14:10),8.5 (20:00),10.7,60 (11:20),31 (13:10),14.8,11.8,0,0,3,35.89442195,-5.355817352394269
231,Alcazar de San Juan,Ciudad Real,7.3 (14:50),0.8 (01:40),4.1,34 (11:30),12 (00:20),6.4,3.6,2,0.8,0,39.3899806,-3.2101376
232,Tomelloso,Ciudad Real,8.3 (15:30),0.4 (02:10),4.4,43 (01:20),17 (00:50),5.2,3,2.2,0,0,39.1585549,-3.0214851
233,Ciudad Real,Ciudad Real,8.3 (14:30),1.7 (23:59),5,37 (17:50),17 (17:50),0.4,0.4,0,0,0,38.959734749999996,-3.8828744402485436
234,Villanueva de los Infantes,Ciudad Real,4.3 (15:50),-1.0 (23:50),1.7,47 (02:40),27 (00:10),7.2,3.6,2.2,1,0.4,41.7032195,-4.4831772
235,Valdepeñas,Ciudad Real,6.6 (15:10),0.5 (23:40),3.5,37 (01:40),19 (00:50),1.4,1.4,0,0,0,38.7594573,-3.3847392
236,Viso del Marqués,Ciudad Real,7.3 (16:30),-0.4 (22:00),3.5,47 (03:50),29 (01:10),1.7,1.6,0.1,0,0,38.5217338,-3.5627159
237,Abenójar,Ciudad Real,6.0 (15:30),-1.7 (23:59),2.1,37 (17:00),23 (01:10),0.6,0.6,0,0,0,38.8794942,-4.3557024
238,Puebla de Don Rodrigo,Ciudad Real,9.8 (15:20),0.6 (23:50),5.2,28 (00:10),13 (13:40),1.3,1.3,0,0,0,39.0823124,-4.6168415
239,Almadén,Ciudad Real,8.0 (15:30),2.4 (10:20),5.2,39 (01:30),21 (04:00),0,0,0,0,0,38.7742489,-4.832835
240,Puertollano,Ciudad Real,6.8 (16:00),0.6 (23:59),3.7,44 (00:30),21 (00:30),1.4,1.4,0,0,0,38.6852161,-4.1111749
241,Fuencaliente,Ciudad Real,7.4 (16:20),-0.5 (23:50),3.5,41 (00:30),18 (01:30),2.6,2.6,0,0,0,38.405028,-4.3049563
242,Valsequillo,Córdoba,8.2 (15:20),0.4 (23:59),4.3,40 (00:30),28 (00:30),0,0,0,0,0,38.4049294,-5.3517078
243,Hinojosa del Duque,Córdoba,8.2 (15:40),1.9 (23:50),5,38 (00:30),29 (11:40),0,0,0,0,0,38.5004276,-5.148021
245,Montoro,Córdoba,11.7 (16:00),2.6 (23:59),7.1,27 (17:20),15 (17:10),1,1,0,0,0,38.0215633,-4.3827296
246,Villanueva de Córdoba,Córdoba,6.3 (16:00),0.8 (23:59),3.6,48 (04:40),24 (04:40),0.2,0,0,0,0.2,38.3230235,-4.6279655
248,Córdoba Aeropuerto,Córdoba,12.2 (16:20),2.0 (23:59),7.1,35 (13:20),25 (13:20),3.7,3.7,0,0,0,-31.3157348,-64.2162225
249,Priego de Córdoba,Córdoba,7.1 (03:00),3.3 (22:50),5.2,49 (08:00),27 (13:20),5.6,2.6,0.2,0,2.8,37.4384292,-4.1980422
250,Doña Mencía,Córdoba,7.7 (15:40),3.9 (11:00),5.8,45 (00:20),27 (01:10),5.2,3.2,0,0,2,37.5545719,-4.3573672
251,"Córdoba, Prágdena",Córdoba,9.9 (16:30),3.4 (23:50),6.6,34 (19:30),23 (19:30),2.8,1.2,0,0,1.6,37.8133547,-4.4552496
252,Espiel,Córdoba,9.6 (15:50),2.6 (20:20),6.1,33 (07:20),17 (10:40),0.6,0.2,0,0,0.4,38.1885533,-5.0189717
253,Fuente Palmera,Córdoba,13.0 (15:40),4.3 (08:20),8.7,34 (00:50),21 (15:50),1.2,0.6,0,0.6,0,37.7034749,-5.1034327
254,Benamejí,Córdoba,8.3 (15:40),4.8 (09:10),6.6,36 (06:00),24 (01:50),0.8,0.8,0,0,0,37.2671843,-4.540364
255,Aguilar de la Frontera,Córdoba,10.1 (15:20),1.6 (23:59),5.9,39 (01:40),24 (01:40),1,0.6,0,0,0.4,37.5146967,-4.6567166
256,La Rambla,Córdoba,11.2 (15:50),1.3 (23:50),6.2,33 (12:20),20 (12:40),0.2,0.2,0,0,0,41.38031,2.1740101
259,Tarancón,Cuenca,7.4 (16:10),0.1 (22:30),3.8,46 (16:10),22 (16:10),0,0,0,0,0,40.0086075,-3.0102243
260,Alcázar del Rey,Cuenca,4.9 (15:00),-3.0 (23:59),1,41 (21:40),26 (16:30),4,2.8,1.2,0,0,40.0624404,-2.8073809
261,Abia de Obispalia,Cuenca,4.4 (13:50),-2.5 (23:59),1,35 (15:20),19 (15:20),4.2,0.2,3.8,0.2,0,40.0186019,-2.394852
263,Alberca de Zancara,Cuenca,5.5 (15:40),0.0 (23:50),2.8,46 (17:30),24 (14:20),4.4,2.4,1.8,0.2,0,39.5142257,-2.4924704
264,San Clemente,Cuenca,6.1 (15:30),0.0 (22:50),3,49 (15:50),32 (15:50),4.6,3.6,1,0,0,39.4037093,-2.4274052
265,Osa de la Vega,Cuenca,5.1 (16:10),0.9 (23:30),3,38 (15:20),22 (16:00),5.8,3.8,2,0,0,39.6611803,-2.7600609
267,Cuenca,Cuenca,5.0 (14:40),-1.2 (23:59),1.9,32 (22:00),14 (22:00),2.8,1.2,1.6,0,0,40.0661031,-2.1313528
268,Motilla del Palancar,Cuenca,5.3 (15:40),-0.3 (23:59),2.5,45 (12:20),25 (12:20),5.4,4,0.6,0.8,0,39.5629507,-1.9122236
269,Salvacañete,Cuenca,3.8 (13:50),-2.2 (20:40),0.8,35 (15:20),18 (14:50),2,0.2,1.8,0,0,40.0984878,-1.5020884
271,Irún,Gipuzkoa,7.9 (14:00),3.3 (22:30),5.6,37 (19:30),16 (06:10),19.6,11.4,2.2,0,6,43.3383176,-1.7888095
272,San Sebastián Aeropuerto,Gipuzkoa,9.1 (13:40),3.2 (22:40),6.2,54 (14:50),28 (15:00),28.5,12.2,4.5,0.5,11.3,-43.6181881,-71.8023333
273,Renteria,Gipuzkoa,9.7 (14:00),2.8 (07:30),6.2,30 (14:50),12 (16:00),15.6,11.4,0,0.4,3.8,43.3125271,-1.8986133
274,Segura - Lastala,Gipuzkoa,8.2 (13:30),1.1 (23:59),4.6,31 (14:30),12 (14:30),8.8,1.2,0.2,0.4,7,43.0155977,-2.2561942
275,Beasain,Gipuzkoa,7.8 (12:50),0.4 (23:59),4.1,30 (14:30),15 (14:30),11.2,1,0.6,0.2,9.4,43.0473269,-2.2032868
276,Ordizia,Gipuzkoa,7.7 (12:40),0.1 (23:40),3.9,41 (14:30),23 (14:20),9,1.2,0.2,0.4,7.2,43.0539687,-2.1795046
278,Zumarraga,Gipuzkoa,5.5 (13:30),-1.1 (23:20),2.2,45 (21:30),23 (22:40),10.2,3.9,1,1.1,4.2,43.0859968,-2.3140925
279,Azpeitia,Gipuzkoa,7.9 (13:40),2.5 (23:59),5.2,34 (06:30),21 (06:30),8.6,1.8,0.2,0.8,5.8,43.1838618,-2.2657422
280,Zumaia,Gipuzkoa,10.3 (12:20),5.2 (23:59),7.8,49 (05:30),22 (05:40),10.8,2.2,0.9,0,7.7,43.296653,-2.2571182
282,Elgeta,Gipuzkoa,5.1 (13:20),-0.2 (23:59),2.4,30 (21:20),10 (04:50),7,2.6,1,1,2.4,43.1367656,-2.4874683
283,Elgoibar,Gipuzkoa,7.7 (13:20),0.9 (23:20),4.3,39 (23:20),20 (23:59),16.8,2.9,1,1.4,11.5,43.2143558,-2.4168588
284,Mutriku,Gipuzkoa,7.7 (12:50),2.7 (23:20),5.2,64 (23:20),35 (23:40),12.8,3,0.4,1,8.4,43.3071181,-2.3871098
285,Blanes,Girona,11.2 (12:20),6.8 (06:20),9,35 (10:00),21 (07:50),0,0,0,0,0,41.6756178,2.7932391
286,"Castell, Platja d'Aro",Girona,10.8 (13:00),2.4 (06:50),6.6,35 (14:30),16 (14:40),0,0,0,0,0,41.8144337,3.0325432
287,Sant Pau de Segúries,Girona,6.5 (13:40),-2.7 (03:30),1.9,15 (17:40),6 (17:50),0.4,0,0,0.2,0.2,42.2633408,2.366055
288,Planoles,Girona,6.0 (13:10),-3.5 (23:40),1.3,21 (16:10),10 (16:30),0,0,0,0,0,42.3148273,2.1029743
291,Sant Hilari,Girona,5.1 (12:30),-1.0 (05:20),2,33 (18:50),21 (18:50),0,0,0,0,0,42.1224818,2.309423888313626
292,Girona Aeropuerto,Girona,9.8 (12:40),0.2 (06:10),5,37 (13:30),25 (13:50),0,0,0,0,0,41.904494650000004,2.762426044162633
293,Girona,Girona,9.8 (14:10),1.6 (23:59),5.7,27 (17:00),12 (17:10),0,0,0,0,0,41.9793006,2.8199439
295,L'Estartit,Girona,11.4 (13:00),5.9 (21:30),8.6,35 (13:50),14 (05:30),0,0,0,0,0,42.0512172,3.1990824
296,La Vall de Bianya,Girona,9.9 (13:30),-2.3 (23:59),3.8,12 (16:10),6 (00:20),0,0,0,0,0,42.24152075,2.4326305390037266
297,Castelló d'Empúries,Girona,11.4 (13:10),1.9 (23:50),6.6,36 (12:10),25 (12:10),0,0,0,0,0,42.2591074,3.0746425
298,Maçanet de Cabrenys,Girona,10.1 (11:50),0.1 (23:59),5.1,53 (15:20),21 (15:40),0,0,0,0,0,42.3842351,2.7569154
299,Espolla,Girona,11.1 (12:00),3.5 (02:50),7.3,51 (20:00),19 (20:00),0,0,0,0,0,42.3893146,2.9994355
300,Figueres,Girona,11.6 (13:50),4.5 (03:50),8.1,36 (11:40),17 (11:10),0,0,0,0,0,42.2666314,2.9638434
302,La Molina,Girona,0.1 (13:50),-7.7 (23:50),-3.8,15 (21:20),9 (21:20),0,0,0,0,0,-12.0901768,-76.92233779667893
303,Baza,Granada,6.1 (02:30),2.1 (22:30),4.1,55 (03:50),30 (07:10),1,0.6,0.4,0,0,37.4888637,-2.7709805
304,Dólar,Granada,4.8 (03:40),-0.8 (00:00),2,58 (10:30),36 (05:30),0,0,0,0,0,37.178181,-2.9913966
306,Granada-Cartuja,Granada,6.4 (15:20),1.2 (22:20),3.8,23 (09:10),9 (09:20),3.2,1.4,0,0,1.8,37.2049248,-3.6005802327576224
307,Granada Aeropuerto,Granada,8.3 (15:10),1.4 (23:59),4.9,39 (22:00),25 (22:00),5.1,1.4,0,0,3.7,37.1867921,-3.7773118141046034
311,Castell de Ferro,Granada,11.9 (00:00),8.5 (23:59),10.2,78 (15:50),48 (12:10),0,0,0,0,0,36.7224798,-3.3591422
313,Molina de Aragón,Guadalajara,2.6 (13:00),-1.5 (23:59),0.5,32 (17:50),15 (13:50),3,1.4,1.4,0,0.2,40.8435978,-1.8879403
315,Pantano el Vado,Guadalajara,3.2 (15:50),-0.8 (23:59),1.2,55 (19:20),20 (13:30),2.2,0.8,1.2,0.2,0,41.0012738,-3.2972761
316,Sigüenza,Guadalajara,4.2 (14:30),-3.1 (23:40),0.5,33 (19:20),15 (12:50),1,0,0.2,0.8,0,41.0680324,-2.6405659
319,Guadalajara,Guadalajara,6.5 (16:10),-0.9 (23:59),2.8,34 (16:30),18 (16:30),0,0,0,0,0,20.6720375,-103.338396
321,El Pedregal,Guadalajara,1.8 (14:00),-2.5 (23:59),-0.4,37 (18:30),21 (18:30),4.2,0.2,1.8,2.2,0,40.7795239,-1.5708608
322,Aroche,Huelva,10.0 (13:20),3.0 (09:30),6.5,40 (05:00),19 (00:50),0,0,0,0,0,37.9436167,-6.9539589
324,Ayamonte,Huelva,15.0 (15:00),7.3 (23:59),11.2,37 (12:50),16 (12:50),0.1,0,0,0.1,0,37.215797,-7.4060169
325,Cartaya,Huelva,14.4 (14:20),3.9 (23:50),9.1,36 (12:50),17 (14:10),0.2,0.2,0,0,0,37.2829111,-7.1545752
326,Alajar,Huelva,7.8 (14:30),3.0 (23:59),5.4,59 (09:30),38 (11:00),0,0,0,0,0,37.8746137,-6.6650601
329,"Alosno, Tharsis",Huelva,10.9 (15:20),3.8 (08:30),7.3,45 (14:10),28 (14:00),0.2,0.2,0,0,0,37.600487,-7.1200864
330,El Campillo,Huelva,10.0 (15:50),3.7 (07:40),6.9,45 (12:50),32 (14:20),0,0,0,0,0,41.2578168,-5.0146988
331,Villarrasa,Huelva,11.7 (13:50),2.7 (23:40),7.2,36 (12:20),20 (14:20),0.2,0.2,0,0,0,37.3880086,-6.6054262
333,Cala,Huelva,7.8 (14:50),1.7 (23:50),4.8,41 (14:30),22 (13:20),0,0,0,0,0,-31.7613365,-71.3187697
334,Almonte,Huelva,14.4 (15:10),5.5 (23:59),9.9,32 (00:10),18 (15:10),0.8,0.8,0,0,0,37.2611686,-6.5175751
335,"Moguer, El Arenosillo",Huelva,14.2 (14:50),5.4 (23:59),9.8,39 (10:50),19 (10:50),0,0,0,0,0,37.09847605,-6.734202337315706
336,Canfranc,Huesca,0.3 (13:50),-3.7 (23:40),-1.7,17 (10:20),8 (10:00),0,0,0,0,0,42.7166903,-0.5252186
337,Jaca,Huesca,3.7 (14:00),-2.1 (23:59),0.8,33 (05:20),11 (16:50),0,0,0,0,0,42.5692515,-0.549372
338,"Valle de Hecho, Hecho",Huesca,3.2 (14:30),-2.6 (08:00),0.3,31 (16:00),19 (15:00),0.4,0,0,0,0.4,42.738391,-0.7503161
339,Aragüés del Puerto,Huesca,4.2 (14:10),-3.4 (08:40),0.4,24 (16:20),13 (16:00),0,0,0,0,0,42.7066467,-0.6708726
340,Bailo,Huesca,4.5 (12:50),-0.2 (19:50),2.1,37 (14:10),24 (12:50),0,0,0,0,0,42.5098391,-0.8118226
341,Biescas,Huesca,3.6 (14:10),-6.3 (23:50),-1.4,13 (13:00),5 (13:00),0,0,0,0,0,42.6285893,-0.3215867
342,Sabiñánigo,Huesca,4.5 (16:00),-0.6 (23:59),1.9,21 (17:00),11 (17:10),0,0,0,0,0,42.518364,-0.3647899
343,Almudévar,Huesca,7.7 (13:20),1.1 (23:30),4.4,41 (15:20),25 (15:10),0.2,0,0.2,0,0,42.0427209,-0.5808273
344,Sopeira,Huesca,8.1 (14:00),-0.5 (23:59),3.8,35 (09:20),24 (09:30),0.2,0.2,0,0,0,42.3172402,0.7469658
345,Benabarre,Huesca,5.7 (15:30),-2.1 (23:59),1.8,22 (15:50),15 (15:50),0,0,0,0,0,42.1063137,0.4820182
346,Bielsa,Huesca,4.5 (12:30),-5.1 (23:20),-0.3,32 (05:30),13 (05:10),0,0,0,0,0,42.6335545,0.2188591
347,Ainsa,Huesca,7.5 (14:10),-1.6 (23:40),2.9,24 (14:30),16 (14:20),0,0,0,0,0,42.4171898,0.1386444
349,Benasque,Huesca,4.8 (14:50),-8.1 (23:59),-1.7,26 (16:20),12 (16:20),0,0,0,0,0,42.6052663,0.5237318
350,Seira,Huesca,6.1 (14:50),-3.6 (23:30),1.3,16 (15:20),7 (15:10),0,0,0,0,0,42.4774053,0.4334047
351,Capella,Huesca,7.2 (14:50),-2.6 (23:30),2.3,22 (16:00),15 (16:10),0,0,0,0,0,42.1965558,0.3962803
352,Barbastro,Huesca,10.9 (15:10),-2.1 (23:40),4.4,29 (18:00),13 (16:30),0,0,0,0,0,42.0366952,0.127238
354,Huesca Aeropuerto,Huesca,8.1 (14:30),0.1 (23:50),4.1,31 (15:50),12 (15:00),0,0,0,0,0,42.07723575,-0.31954593973198725
356,Lanaja,Huesca,7.5 (13:50),1.2 (23:59),4.4,57 (15:20),40 (15:40),0.4,0.2,0.2,0,0,41.7730487,-0.3260224
357,Ballobar,Huesca,10.1 (15:00),3.5 (05:00),6.8,41 (16:20),27 (16:50),0,0,0,0,0,41.620467,0.1919892
358,Tamarite de Litera,Huesca,9.6 (16:30),0.8 (22:30),5.2,26 (17:00),14 (17:00),0,0,0,0,0,41.8683507,0.4213037
359,Fraga,Huesca,10.1 (15:40),3.2 (23:59),6.7,36 (21:20),26 (21:20),0,0,0,0,0,41.5210138,0.3515596
360,"Escorca, Lluc",Illes Balears,8.7 (03:10),3.8 (22:10),6.2,33 (21:40),11 (00:40),36.7,0,2.8,16,17.9,39.8224068,2.8844056
361,Banyalbufar,Illes Balears,12.6 (00:10),7.6 (19:50),10.1,58 (20:00),36 (20:10),15.4,0,3.4,2.8,9.2,39.6874544,2.5147715
362,"Calvià, Es Capdellà",Illes Balears,14.0 (14:10),5.8 (23:50),9.9,42 (02:00),24 (02:00),15.6,0,0.8,2.4,12.4,39.5785211,2.4704472
363,"Palma, Puerto",Illes Balears,14.2 (14:00),7.3 (23:59),10.8,32 (20:00),15 (20:00),12.6,0,3.4,0.8,8.4,2.8903749000000003,-72.91519064926024
364,"Palma, Universitat",Illes Balears,12.6 (13:00),3.2 (00:50),7.9,36 (20:30),12 (20:40),15.2,0,1.6,2.8,10.8,39.6346089,2.6480014
366,"Palma de Mallorca, Aeropuerto",Illes Balears,12.7 (14:30),6.4 (23:20),9.5,54 (11:20),44 (11:20),5.1,0,1.1,1.8,2.2,39.553224549999996,2.729030991511172
367,"Llucmajor, Cap Blanc",Illes Balears,13.4 (13:40),5.7 (23:10),9.5,54 (11:20),28 (01:50),9.2,0,4.8,1.8,2.6,39.3631148,2.788265
369,Porreres,Illes Balears,12.3 (13:50),5.8 (23:40),9.1,40 (19:50),25 (20:00),19.6,0,1.3,11.5,6.8,39.5168891,3.0227517
371,"Campos, Salines Llevant",Illes Balears,13.5 (00:10),7.1 (23:59),10.3,53 (02:40),33 (12:00),3.8,0,0,1.4,2.4,39.353293449999995,3.007569280332791
372,Santanyí,Illes Balears,13.1 (15:20),6.1 (22:40),9.6,49 (20:10),19 (12:20),6.8,0.6,0.3,1.1,4.8,39.3543115,3.1294799
374,Son Servera,Illes Balears,13.8 (14:30),5.5 (07:20),9.7,46 (19:50),26 (19:50),7,0,0.4,4,2.6,39.6222728,3.3605983
376,Capdepera,Illes Balears,13.5 (15:20),7.8 (20:10),10.7,87 (23:00),67 (20:10),9.9,0,0.1,3.6,6.2,39.7023418,3.4321679
379,Manacor,Illes Balears,12.0 (14:20),6.2 (20:00),9.1,38 (21:30),23 (12:30),6.6,0,0.2,3,3.4,39.551392,3.2382642
380,Sineu,Illes Balears,10.7 (14:00),5.6 (23:59),8.1,40 (19:50),22 (19:40),13,0,0.2,6,6.8,39.64314,3.0116111
381,Santa María del Camí,Illes Balears,10.8 (14:40),5.3 (07:00),8.1,26 (11:50),11 (04:10),16.4,0,2.8,8.4,5.2,39.6479453,2.7779083
382,Binissalem,Illes Balears,11.9 (14:30),3.9 (00:00),7.9,33 (20:20),18 (20:20),13.2,0,1.6,5.4,6.2,39.6889279,2.8420532
384,Sa Pobla,Illes Balears,10.9 (14:50),4.4 (00:50),7.6,53 (22:10),25 (19:20),20.8,0,0,9.4,11.4,39.7699388,3.0250102
385,Pollença,Illes Balears,11.3 (12:00),5.3 (01:40),8.3,41 (21:50),19 (21:50),23.4,0,0.4,12.4,10.6,39.8792073,3.0157098
386,Port de Pollença,Illes Balears,13.5 (12:00),5.5 (00:00),9.5,48 (20:20),16 (19:00),17.8,0,0.6,9.6,7.6,39.908013,3.0827842
388,Es Mercadal,Illes Balears,13.3 (13:40),6.4 (21:50),9.9,64 (22:10),40 (22:10),9.4,0,0,2.6,6.8,40.0075893,4.1124562
390,"Ciutadella, Cala Galdana",Illes Balears,13.5 (13:40),6.4 (21:50),10,45 (21:40),21 (21:40),12,0,0,1.6,10.4,39.94068555,3.960442123277422
391,"Menorca, Aeropuerto",Illes Balears,13.7 (10:10),5.4 (22:40),9.5,54 (22:10),36 (22:00),9.9,0,0,5.7,4.2,39.86298645,4.220607231805899
393,Sant Antoni de Portmany,Illes Balears,12.8 (04:00),3.4 (23:59),8.1,44 (22:30),19 (17:50),7.8,0.2,1.3,4.6,1.7,38.9914471,1.3542327
394,"Ibiza, Aeropuerto",Illes Balears,12.8 (04:20),5.4 (22:00),9.1,54 (12:20),38 (12:30),5.3,0.8,0.2,4.2,0.1,38.87294785,1.370372414235323
395,Eivissa,Illes Balears,12.8 (11:40),4.7 (22:10),8.8,43 (12:20),24 (12:30),1.2,0,0.2,0.8,0.2,38.974390099999994,1.4197463178515335
396,Formentera,Illes Balears,13.8 (13:50),6.3 (22:50),10.1,43 (15:50),23 (09:40),4.2,1.2,0.8,2,0.2,38.7063909,1.4335265588311943
397,Baeza,Jaén,4.9 (00:10),1.5 (23:10),3.2,40 (02:40),18 (07:40),4,4,0,0,0,37.9945171,-3.4708163
400,Villanueva del Arzobispo,Jaén,6.8 (15:00),2.9 (23:59),4.9,34 (04:30),15 (01:30),4.2,4,0,0.2,0,38.1687701,-3.0076576
402,Jaén,Jaén,8.0 (01:10),3.8 (23:59),5.9,55 (02:10),26 (13:30),3.2,2.6,0,0,0.6,37.9557275,-3.492055612037218
403,Linares,Jaén,7.6 (16:00),2.9 (23:59),5.3,35 (01:10),17 (01:50),1.4,1.4,0,0,0,38.0931247,-3.6357207
404,Bailén,Jaén,8.9 (16:00),3.4 (23:50),6.1,26 (03:30),9 (14:30),2.2,2.2,0,0,0,38.096787,-3.7765601
405,Andújar,Jaén,10.2 (15:40),1.8 (23:50),6,31 (09:10),21 (21:00),0.8,0.8,0,0,0,38.0392362,-4.0505603
406,Alcalá La Real,Jaén,4.2 (02:20),0.4 (21:40),2.3,49 (07:30),24 (02:40),3.8,3,0,0,0.8,37.4619794,-3.922384
407,"Valdezcaray, estación de esquí",La Rioja,-3.8 (02:00),-7.1 (10:10),-5.4,39 (22:10),17 (18:40),4.4,2.2,0,2,0.2,42.2525462,-2.9693047357993736
410,Nájera,La Rioja,8.1 (13:30),1.8 (09:20),5,41 (19:20),24 (19:20),0.2,0.2,0,0,0,42.416745,-2.7336874
411,Cenicero,La Rioja,6.9 (13:40),1.6 (09:50),4.3,48 (15:20),31 (15:20),0.6,0,0,0.6,0,42.4813371,-2.6420483
412,Logroño Aeropuerto,La Rioja,8.7 (14:10),2.5 (23:59),5.6,42 (16:00),27 (16:10),0,0,0,0,0,42.46078845,-2.3237935840275643
413,Enciso,La Rioja,5.3 (13:40),-0.5 (20:30),2.4,51 (19:40),23 (19:40),0,0,0,0,0,42.1487237,-2.2689829
414,Alfaro,La Rioja,9.0 (14:30),0.2 (23:50),4.6,41 (18:10),27 (18:10),0,0,0,0,0,42.1785741,-1.7492454
415,Tías,Las Palmas,17.0 (14:30),12.7 (22:40),14.8,46 (14:10),30 (11:20),0,0,0,0,0,28.9543147,-13.6529153
416,Yaiza Playa Blanca,Las Palmas,19.7 (13:10),16.5 (23:20),18.1,38 (11:30),22 (12:50),0,0,0,0,0,28.8670593,-13.8295803
417,Lanzarote Aeropuerto,Las Palmas,21.3 (14:20),14.5 (23:30),17.9,52 (14:10),37 (14:40),0,0,0,0,0,28.94568045,-13.60758816051166
418,Haría,Las Palmas,17.1 (13:20),14.0 (23:40),15.6,41 (13:00),27 (13:00),0,0,0,0,0,29.1458859,-13.5001038
419,Tinajo,Las Palmas,17.0 (14:10),14.2 (20:30),15.6,54 (12:10),30 (11:10),0,0,0,0,0,29.066738,-13.676179
420,Pájara,Las Palmas,20.8 (18:00),16.9 (07:00),18.8,0 (00:10),0 (00:10),0,0,0,0,0,28.3497867,-14.1080857
421,"Tuineje,Puerto Gran Tarajal",Las Palmas,19.8 (14:00),14.5 (23:59),17.1,41 (12:00),25 (12:00),0,0,0,0,0,28.2073669,-14.029375
422,Antigua,Las Palmas,18.5 (14:00),12.0 (23:59),15.3,42 (11:50),26 (11:10),0,0,0,0,0,17.10371515,-61.790450458055844
423,Fuerteventura Aeropuerto,Las Palmas,20.6 (14:10),15.9 (23:20),18.3,50 (06:10),39 (11:10),0,0,0,0,0,28.447124199999998,-13.866147581598085
424,La Oliva,Las Palmas,18.0 (12:30),12.6 (23:30),15.3,36 (12:40),22 (12:40),0,0,0,0,0,28.6487751,-13.9225701
426,Vega de San Mateo,Las Palmas,6.0 (12:30),2.1 (22:30),4,44 (05:50),24 (01:20),0.6,0.2,0,0.4,0,28.0095796,-15.5325123
427,"Tejeda, Cruz de Tejeda",Las Palmas,6.2 (12:40),3.6 (01:30),4.9,58 (01:20),29 (08:20),4,0.8,2.2,0.4,0.6,28.0066758,-15.5997541
428,Tejeda,Las Palmas,11.5 (12:20),8.6 (01:30),10.1,52 (23:59),30 (23:59),0,0,0,0,0,40.6321386,-6.023044
429,Agaete,Las Palmas,20.1 (11:20),15.6 (23:10),17.9,41 (17:10),26 (17:10),0.2,0,0,0,0.2,28.1008499,-15.7023479
430,La Aldea de San Nicolás,Las Palmas,22.2 (11:40),13.8 (22:50),18,57 (14:00),35 (17:50),0,0,0,0,0,27.9827393,-15.779715
433,"La Aldea de San Nicolás, Tasarte",Las Palmas,21.0 (13:50),13.1 (07:30),17.1,29 (13:50),21 (12:50),0,0,0,0,0,27.9242313,-15.7595298
437,"San Bartolome Tirajana, El Matorral",Las Palmas,20.8 (14:10),15.8 (23:59),18.3,43 (14:10),27 (12:20),0,0,0,0,0,27.8090428,-15.4484452
438,Agüimes,Las Palmas,18.4 (14:20),14.2 (00:00),16.3,42 (17:30),27 (17:20),0,0,0,0,0,27.9049541,-15.4445131
440,Gran Canaria Aeropuerto,Las Palmas,20.3 (14:10),15.0 (23:50),17.6,48 (09:40),38 (11:50),0.1,0,0,0,0.1,27.92879945,-15.389182071609515
441,"Telde, Melenara",Las Palmas,19.7 (13:50),15.2 (23:59),17.5,39 (11:40),25 (06:00),0.8,0,0.2,0,0.6,27.9953293,-15.3924415
442,Teror,Las Palmas,14.1 (13:50),8.9 (22:10),11.5,21 (13:40),11 (11:40),0.6,0,0.6,0,0,28.0590002,-15.5475653
443,"Las Palmas de Gran Canaria, Tafira",Las Palmas,16.7 (13:40),13.1 (22:10),14.9,24 (11:20),11 (11:20),0.4,0,0.2,0,0.2,28.07458055,-15.45148206898348
444,"Las Palmas de Gran Canaria, San Cristobal",Las Palmas,19.9 (12:00),15.7 (23:20),17.8,39 (11:10),22 (11:10),0.1,0,0.1,0,0,28.0768529,-15.4148878
446,Valleseco,Las Palmas,11.3 (11:00),8.3 (00:00),9.8,25 (12:30),13 (13:40),2.6,0,1,0.6,1,28.0501609,-15.5744925
448,Arucas,Las Palmas,19.1 (13:50),14.8 (23:10),17,28 (11:20),16 (11:20),1,0,0,0,1,28.1184492,-15.5232237
452,Villablino,León,1.4 (14:40),-2.3 (23:50),-0.4,46 (14:50),20 (21:50),2.8,0,0,2.8,0,42.9388713,-6.3183421
453,Ponferrada,León,5.8 (16:10),0.5 (23:59),3.2,27 (16:20),15 (16:20),1,0,0,1,0,42.5454124,-6.5938719
455,Riaño,León,0.4 (11:40),-3.6 (23:59),-1.6,48 (01:40),26 (22:10),0.2,0,0.2,0,0,42.9756044,-5.0056656
456,Cubillas de Rueda,León,2.6 (14:40),-4.0 (09:00),-0.7,52 (22:10),31 (22:20),0.2,0,0,0.2,0,42.6558903,-5.1756683
458,"León, Virgen del Camino",León,4.1 (14:20),-3.6 (23:59),0.3,48 (14:00),32 (21:30),0,0,0,0,0,42.1025827,-3.559371740163297
459,Valencia de Don Juan,León,5.4 (16:00),-2.0 (21:40),1.7,52 (16:20),36 (16:20),0,0,0,0,0,42.2936047,-5.5188832
461,"Quintana del Castillo, Villameca",León,1.6 (15:50),-2.3 (23:50),-0.3,53 (12:00),32 (12:00),0.2,0,0.2,0,0,42.6407877,-6.0763094
462,Astorga,León,5.9 (13:10),-1.8 (07:30),2.1,48 (14:50),27 (14:30),0,0,0,0,0,42.4553555,-6.0529025
463,Lagunas de Somoza,León,1.9 (14:20),-3.4 (23:50),-0.8,53 (13:30),37 (13:50),0,0,0,0,0,42.3812542,-6.1916557
464,Bustillo del Páramo,León,4.3 (15:10),-2.5 (23:59),0.9,48 (12:40),33 (13:00),0,0,0,0,0,42.4413416,-5.7915737
465,Martinet,Lleida,7.1 (15:20),-4.6 (05:50),1.3,19 (12:20),13 (12:20),0,0,0,0,0,46.6775018,-1.6776224
468,Tuixent,Lleida,6.3 (14:50),-3.9 (23:40),1.2,22 (17:00),11 (16:50),0,0,0,0,0,42.2312502,1.5659834
469,Coll de Nargó,Lleida,12.0 (13:50),-1.7 (23:59),5.1,45 (16:10),35 (15:40),0.4,0.2,0,0,0.2,42.1739087,1.3161338
472,Esterri d'Àneu,Lleida,5.1 (13:50),-4.7 (09:00),0.2,24 (14:20),13 (14:10),0,0,0,0,0,42.6274685,1.1228821
475,Talarn,Lleida,7.9 (14:40),-1.6 (23:59),3.2,27 (16:20),17 (16:20),0,0,0,0,0,42.1860349,0.8995312
476,Llimiana,Lleida,8.6 (13:40),-0.3 (23:59),4.2,30 (16:00),15 (16:00),0,0,0,0,0,42.0750605,0.91585
478,Os de Balaguer,Lleida,7.6 (15:10),-2.6 (23:20),2.5,19 (16:20),13 (16:10),0,0,0,0,0,41.8713099,0.7193399
479,Mollerussa,Lleida,7.6 (15:50),2.5 (23:40),5,25 (18:10),15 (18:50),0,0,0,0,0,41.6330928,0.895495
481,Lleida,Lleida,9.7 (15:20),2.4 (21:50),6,30 (17:00),16 (17:30),0,0,0,0,0,41.6147605,0.6267842
485,"Naut Aran, Arties",Lleida,2.8 (14:20),-2.6 (23:10),0.1,15 (05:10),9 (21:50),0.4,0.4,0,0,0,42.7000512,0.8720695
486,Bossòst,Lleida,4.1 (13:30),-0.8 (21:10),1.6,13 (15:10),8 (13:50),2.6,2.2,0,0,0.4,42.7859893,0.69312
487,Cervantes,Lugo,0.2 (15:00),-1.8 (22:30),-0.8,31 (12:30),13 (13:50),6.4,1,2.8,1.6,1,42.8270064,-6.961766500773647
488,Ribadeo,Lugo,9.5 (14:00),4.6 (06:40),7,50 (09:20),27 (09:20),11.4,6,4,0.2,1.2,43.5361589,-7.0436775
493,Lugo,Lugo,3.8 (14:00),0.5 (09:30),2.1,19 (16:10),8 (13:00),7.4,0.4,1.6,5.4,0,43.0462247,-7.4739921
495,Becerreá,Lugo,-1.1 (00:50),-2.3 (23:20),-1.7,23 (00:50),14 (00:50),0,0,0,0,0,42.8544959,-7.1616043
498,Monforte de Lemos,Lugo,6.1 (15:10),0.8 (04:00),3.4,19 (13:00),10 (12:50),5,0.2,0.8,2.8,1.2,42.5236693,-7.5096951
499,Puerto de Navacerrada,Madrid,-3.9 (00:00),-7.9 (23:59),-5.9,82 (19:30),23 (19:30),11.4,8.2,1.6,0.4,1.2,38.6948177,-5.3523575
500,Aranjuez,Madrid,9.0 (15:00),0.3 (23:59),4.7,41 (13:50),24 (13:40),0,0,0,0,0,40.03221,-3.6039604
501,Rascafría,Madrid,1.6 (15:00),-2.7 (23:50),-0.6,49 (19:40),17 (12:30),4.6,0.2,0.2,4.2,0,40.9038871,-3.8802853
502,Buitrago del Lozoya,Madrid,3.1 (12:10),-1.2 (23:40),0.9,48 (19:20),23 (20:30),0,0,0,0,0,40.9953477,-3.6350501
505,"Madrid, El Goloso",Madrid,6.6 (13:40),-0.2 (09:10),3.2,40 (14:20),19 (14:20),0.6,0.4,0,0.2,0,40.539789049999996,-3.69051656170769
506,Madrid Aeropuerto,Madrid,7.3 (13:40),0.0 (08:40),3.7,54 (14:20),39 (14:40),0.2,0,0,0,0.2,40.4462388,-3.5331508
507,Alcala de Henares,Madrid,8.0 (16:20),-0.8 (07:50),3.6,28 (18:40),18 (18:00),1.6,0.2,1,0,0.4,40.4818396,-3.3644973
508,Arganda del Rey,Madrid,8.5 (14:10),-0.2 (09:00),4.1,44 (14:30),27 (15:00),0,0,0,0,0,40.3007708,-3.4380688
509,Colmenar Viejo,Madrid,3.5 (13:20),-1.7 (21:00),0.9,39 (16:50),19 (18:50),0.2,0.1,0.1,0,0,40.6587726,-3.7659722
514,Puerto Alto del León,Madrid,-2.2 (00:10),-5.8 (23:50),-4,71 (00:20),46 (00:20),1.8,1.6,0.2,0,0,43.0916192,-5.1387072
516,Torrelodones,Madrid,4.8 (13:00),0.0 (23:30),2.4,50 (14:10),25 (14:10),0.1,0.1,0,0,0,40.5762809,-3.928603
518,Robledo de Chavela,Madrid,5.1 (13:10),0.7 (23:40),2.9,45 (21:50),21 (02:50),1,0,0,0,1,40.5009201,-4.2380999
519,Valdemorillo,Madrid,5.2 (13:10),0.7 (21:30),2.9,45 (13:50),24 (14:00),0,0,0,0,0,40.5016772,-4.0688878
522,Alpandeire,Málaga,12.2 (15:00),4.7 (09:20),8.4,49 (07:40),23 (07:40),0.6,0.6,0,0,0,36.6343447,-5.2028942
523,Gaucín,Málaga,8.5 (16:30),4.0 (09:50),6.3,45 (04:30),16 (05:10),1,1,0,0,0,36.5192377,-5.3177544
524,Manilva,Málaga,13.5 (16:10),7.4 (23:10),10.5,47 (10:20),30 (11:50),0.8,0.8,0,0,0,36.3769979,-5.2489786
525,Estepona,Málaga,15.1 (14:10),9.6 (23:00),12.4,78 (10:20),29 (10:20),0.2,0.2,0,0,0,36.4268068,-5.1468484
527,"Marbella, Puerto",Málaga,17.1 (14:50),10.2 (23:20),13.7,44 (12:00),30 (00:50),0,0,0,0,0,-25.5110032,-54.6149
528,Marbella,Málaga,15.9 (14:30),10.7 (23:00),13.3,49 (01:10),42 (01:10),0,0,0,0,0,36.508976,-4.88562
529,Fuengirola,Málaga,15.7 (15:40),11.2 (22:50),13.4,47 (08:00),18 (08:00),0,0,0,0,0,36.5387779,-4.6233348
530,Torremolinos,Málaga,15.2 (16:10),8.6 (01:40),11.9,40 (14:10),11 (13:30),0,0,0,0,0,36.6242841,-4.4995448
531,Antequera,Málaga,8.7 (15:10),4.1 (23:50),6.4,32 (21:40),16 (14:30),2.6,0.1,0.1,0,2.4,37.0183652,-4.5596649
532,Álora,Málaga,13.1 (15:10),7.7 (22:50),10.4,53 (05:00),28 (05:10),0.4,0.4,0,0,0,36.8238814,-4.7063011
534,Málaga Aeropuerto,Málaga,14.1 (15:30),5.6 (01:10),9.9,54 (12:30),33 (15:40),0.3,0.3,0,0,0,36.6777495,-4.4901616
535,"Málaga, Centro Meteorológico",Málaga,14.6 (15:50),7.9 (02:50),11.3,47 (07:30),21 (08:10),0.2,0.1,0.1,0,0,36.71827475,-4.481776754922578
536,"Málaga, Puerto",Málaga,13.8 (15:40),8.9 (23:00),11.3,54 (11:50),28 (12:40),0.4,0.1,0,0,0.3,-41.4443603,-72.9302093
539,Algarrobo,Málaga,14.4 (16:00),6.7 (22:50),10.5,57 (10:50),35 (14:30),0,0,0,0,0,36.7732439,-4.0399307
540,Nerja,Málaga,14.6 (13:20),8.8 (23:59),11.7,56 (06:40),25 (07:00),0,0,0,0,0,36.7468565,-3.8790164
541,Fuente de Piedra,Málaga,8.5 (14:40),4.2 (23:30),6.3,43 (04:50),29 (05:10),0.8,0.8,0,0,0,37.13528,-4.7298858
542,Melilla,Melilla,14.9 (12:40),11.5 (08:30),13.2,63 (09:50),31 (10:00),0,0,0,0,0,35.29291145,-2.950720236037561
543,Águilas,Murcia,16.9 (13:40),8.1 (23:30),12.5,59 (13:40),33 (14:20),0,0,0,0,0,37.4099628,-1.5804922
544,Cartagena,Murcia,15.2 (14:10),4.1 (23:00),9.6,35 (12:50),17 (06:00),0,0,0,0,0,37.6019353,-0.9841152
546,Torre-Pacheco,Murcia,14.6 (14:30),4.6 (02:10),9.6,46 (15:50),25 (13:40),0,0,0,0,0,37.743133,-0.9539015
547,San Javier Aeropuerto,Murcia,15.4 (13:50),3.2 (04:10),9.3,54 (08:10),37 (17:10),0,0,0,0,0,37.77661405,-0.8178168881752009
549,Caravaca de La Cruz,Murcia,8.5 (13:20),-0.5 (23:10),4,44 (12:30),19 (15:40),1.8,0,1.8,0,0,38.1046979,-1.861118
550,Calasparra,Murcia,10.2 (14:10),2.3 (01:40),6.2,46 (12:20),26 (12:30),1,0,0.8,0.2,0,38.2309457,-1.7000042
552,Jumilla,Murcia,8.9 (16:10),0.4 (00:40),4.6,52 (19:50),31 (19:50),1,0.4,0.6,0,0,38.4735408,-1.3285417
553,Cieza,Murcia,11.6 (14:50),1.2 (02:40),6.4,45 (12:10),27 (15:00),1.2,0,1.2,0,0,43.2230443,-4.124873387159046
555,Mula,Murcia,11.4 (14:10),2.7 (23:59),7,62 (12:40),36 (12:40),0.6,0,0.6,0,0,38.0418669,-1.4906872
556,Murcia,Murcia,14.3 (14:50),2.2 (02:50),8.3,51 (14:00),31 (14:00),0.2,0,0.2,0,0,37.9923795,-1.1305431
558,"Lorca, Zarcilla de Ramos",Murcia,8.8 (13:20),-0.4 (23:59),4.2,50 (03:30),33 (13:50),0.6,0,0.6,0,0,37.8440413,-1.8758201
559,Lorca,Murcia,11.9 (13:50),1.9 (01:40),6.9,49 (12:30),26 (12:30),0.3,0,0,0.3,0,37.6712139,-1.6990431
561,Alhama de Murcia,Murcia,13.0 (14:20),1.4 (23:40),7.2,50 (11:50),23 (11:40),0,0,0,0,0,37.8515145,-1.4251045
562,Molina de Segura,Murcia,11.7 (15:20),3.2 (02:30),7.4,67 (15:00),45 (14:40),0.2,0,0.2,0,0,38.0585479,-1.2042086
564,Yecla,Murcia,7.5 (15:00),2.0 (00:10),4.8,73 (18:20),36 (13:30),3.4,2.2,1.2,0,0,38.613652,-1.1157373
565,"Baztan, Irurita",Navarra,8.5 (14:40),0.6 (05:40),4.6,14 (15:30),6 (15:30),16.2,11.4,0.2,0.4,4.2,43.1310575,-1.5470331
566,Bera,Navarra,9.0 (14:40),2.7 (07:40),5.9,22 (17:30),10 (17:30),28,20,2.4,1,4.6,43.2813278,-1.6796472
567,Areso,Navarra,5.4 (14:20),0.6 (05:30),3,35 (23:50),15 (10:20),8.8,4.8,1.6,0.4,2,43.0809215,-1.9510898
568,Los Arcos,Navarra,9.3 (14:30),1.2 (22:40),5.3,39 (15:30),26 (19:50),0,0,0,0,0,42.5697418,-2.1923085
569,Isaba/Izaba,Navarra,6.7 (13:00),-0.8 (23:59),2.9,20 (07:50),12 (13:50),1.4,0,0.2,0.4,0.8,42.8613257,-0.9233274
570,Oroz-Betelu/Orotz-Betelu,Navarra,4.8 (12:50),0.3 (05:30),2.6,17 (07:20),8 (16:30),2.6,1.6,0.2,0.8,0,42.8955387,-1.3037633
571,Roncesvalles,Navarra,1.6 (12:20),-1.8 (23:40),-0.1,14 (05:50),6 (06:10),15.8,7.8,3.8,3.2,1,4.10391495,-75.5899419424823
573,Cáseda,Navarra,7.5 (14:10),2.0 (23:50),4.8,30 (17:10),14 (21:00),0,0,0,0,0,42.5242929,-1.3674903
574,Olite/Erriberri,Navarra,6.8 (14:20),0.9 (09:10),3.9,31 (18:10),20 (16:40),0,0,0,0,0,42.4813623,-1.6512224
576,Monreal/Elo,Navarra,5.5 (14:40),0.9 (23:10),3.2,41 (16:10),24 (16:10),0.2,0.2,0,0,0,42.7048477,-1.5072472
577,Pamplona Aeropuerto,Navarra,7.3 (14:30),0.2 (09:00),3.8,46 (15:40),32 (15:40),0,0,0,0,0,42.77114435,-1.6456214726005762
578,"Aranguren, Ilundain",Navarra,5.4 (14:40),0.1 (08:40),2.8,41 (16:00),17 (16:00),0.5,0.4,0,0.1,0,42.7757859,-1.5305996
579,Irurtzun,Navarra,6.8 (14:20),1.1 (23:20),4,28 (15:10),12 (15:10),2,0.8,0.2,0.2,0.8,42.9184675,-1.8286391
580,Larraga,Navarra,7.3 (14:30),1.4 (22:40),4.4,41 (16:10),25 (17:50),0,0,0,0,0,42.5580517,-1.8500707
583,Tudela,Navarra,9.0 (15:20),2.2 (23:59),5.6,39 (19:00),15 (19:00),0.4,0,0,0.4,0,42.063972,-1.6053391
584,Luzaide/Valcarlos,Navarra,8.4 (14:00),2.1 (08:30),5.2,30 (16:10),11 (17:20),8.8,6.8,1.4,0.4,0.2,43.0926454,-1.3017388
587,Chandrexa de Queixa,Ourense,0.3 (13:50),-1.8 (23:50),-0.7,0 (00:10),0 (00:10),3.4,0.2,0,3.2,0,42.259279899999996,-7.377615472322706
588,Ourense,Ourense,6.3 (16:20),1.6 (03:40),4,10 (15:30),5 (10:50),4.6,0,2.2,2.4,0,42.1968459,-7.6114105
590,"Carballiño, O",Ourense,6.1 (15:30),-0.3 (04:40),2.9,26 (13:50),11 (13:50),3.9,0.1,1.8,2,0,42.4300046,-8.0780481
593,Xinzo de Limia,Ourense,2.8 (14:10),-0.5 (08:10),1.1,35 (14:20),19 (14:20),1.2,0.1,0.1,0.8,0.2,42.0637882,-7.7245498
597,Cervera de Pisuerga,Palencia,1.7 (12:10),-5.3 (08:50),-1.8,44 (23:30),21 (23:20),1,0,0,1,0,42.8635509,-4.4972234
598,Aguilar de Campoo,Palencia,2.5 (15:40),-3.5 (09:20),-0.5,31 (13:10),21 (13:10),6.2,0,0,0.6,5.6,42.7928369,-4.2605438
599,Villaeles de Valdavia,Palencia,2.5 (14:30),-3.9 (07:00),-0.7,40 (14:40),28 (14:40),0,0,0,0,0,42.5659809,-4.5838316
600,"Velilla del Río Carrión, Camporredondo de Alba",Palencia,-1.1 (14:30),-8.3 (23:50),-4.7,0 (00:10),0 (00:10),0.2,0,0,0.2,0,42.8959477,-4.7462547
601,Carrión de los Condes,Palencia,4.7 (15:10),-3.7 (07:30),0.5,44 (16:20),18 (16:30),0,0,0,0,0,42.3385404,-4.6017128
602,Autilla del Pino,Palencia,4.2 (16:00),-4.2 (23:30),0,51 (15:50),36 (14:50),0,0,0,0,0,41.9911815,-4.6334702
603,Palencia,Palencia,5.6 (15:00),-1.6 (23:20),2,47 (16:00),31 (16:00),0,0,0,0,0,42.409632200000004,-4.616100410293067
604,"Santervás de la Vega, Villapún",Palencia,2.8 (14:20),-3.7 (23:59),-0.5,38 (16:20),23 (14:30),0,0,0,0,0,42.5252449,-4.8199921
605,Silleda,Pontevedra,6.0 (12:40),0.9 (09:20),3.4,28 (13:20),14 (13:20),10.2,2,2.6,3,2.6,42.697981,-8.2466373
607,VilagarcÍa de Arousa,Pontevedra,9.7 (15:50),2.8 (04:30),6.2,37 (16:30),16 (16:30),6.8,1.2,1.2,3,1.4,42.5947625,-8.7669178
608,Pontevedra,Pontevedra,7.8 (15:00),1.6 (04:30),4.7,26 (16:40),12 (16:40),11.4,2.4,1.6,6,1.4,42.6075172,-8.4714942
609,A Lama,Pontevedra,5.2 (13:00),-0.6 (02:30),2.3,19 (16:00),9 (14:50),10.2,0,2.4,6.8,1,42.3979831,-8.4412033
610,Vigo Aeropuerto,Pontevedra,7.6 (12:20),1.6 (03:50),4.6,45 (17:00),20 (17:10),7.7,0.1,3.4,3.5,0.7,42.232922450000004,-8.626166079129476
611,Vigo,Pontevedra,8.5 (15:20),3.8 (08:20),6.1,41 (17:10),14 (17:10),6.6,1,2.2,3.4,0,42.2376602,-8.7247205
617,Salamanca Aeropuerto,Salamanca,5.8 (15:50),-2.6 (23:30),1.6,45 (12:50),31 (12:50),0,0,0,0,0,40.9510067,-5.501640203055835
618,Salamanca,Salamanca,6.5 (16:10),-0.6 (09:30),2.9,33 (13:50),18 (15:30),0,0,0,0,0,40.9651572,-5.6640182
619,Barbadillo,Salamanca,4.2 (15:10),-2.2 (23:59),1,36 (12:10),21 (12:10),0,0,0,0,0,40.932821,-5.881979
620,Ledesma,Salamanca,4.9 (15:10),-1.2 (23:20),1.9,36 (13:50),20 (16:40),0,0,0,0,0,41.0903872,-5.9987649
621,Villarino de los Aires,Salamanca,6.2 (15:30),-0.7 (08:40),2.7,42 (14:00),30 (14:20),0.2,0,0,0.2,0,41.2702654,-6.4681957
622,Boadilla Fuente San Esteban,Salamanca,4.6 (15:00),-1.1 (08:40),1.7,43 (15:30),26 (15:30),0,0,0,0,0,40.7967565,-6.2205344
623,Vitigudino,Salamanca,7.6 (14:10),-2.8 (08:20),2.4,40 (14:50),28 (14:40),0,0,0,0,0,41.0086675,-6.4353797
